{
  "individual": {
    "rf_detr_confidence": {
      "roc_auc": 0.8875367368580518,
      "pr_auc": 0.8285399222281643
    },
    "slot_5fold_lr": {
      "roc_auc": 0.8423632782911679,
      "pr_auc": 0.7393831660609813
    }
  },
  "combined": {
    "avg": {
      "roc_auc": 0.8872898045750643,
      "pr_auc": 0.8232392565792942
    },
    "lr_meta": {
      "roc_auc": 0.9025602181487653,
      "pr_auc": 0.8525568971717805
    },
    "lr_full": {
      "roc_auc": 0.882658688077564,
      "pr_auc": 0.8101076553694389
    },
    "best_weighted": {
      "w_slot": 0.2,
      "roc_auc": 0.9033760036358127,
      "pr_auc": 0.8536664204375644
    }
  },
  "correlation": {
    "pearson_r": 0.6256574791983365,
    "pearson_p": 8.542428908323692e-266,
    "spearman_r": 0.5526689400810887,
    "spearman_p": 1.292079736216015e-195
  }
}