{
  "slot_auc": 0.8611854264505379,
  "conf_auc": 0.8875367368580518,
  "slot_ap": 0.7857805886826323,
  "conf_ap": 0.8285399222281643,
  "strategies": {
    "baseline": {
      "ap": 0.8285399222281643,
      "pr_auc": 0.8284054444092008
    },
    "hard_filter": {
      "ap": 0.8335145140400821,
      "pr_auc": 0.8357739524677492,
      "threshold": 0.1,
      "delta": 0.004974591811917839
    },
    "soft_penalize": {
      "ap": 0.859687110944929,
      "pr_auc": 0.8595884602169795,
      "alpha": 0.5,
      "delta": 0.031147188716764695
    },
    "geometric_mean": {
      "ap": 0.8612505902220035,
      "pr_auc": 0.8611459009878615,
      "w_slot": 0.8000000000000002,
      "delta": 0.03271066799383915
    },
    "lr_meta": {
      "ap": 0.8570565214978163,
      "pr_auc": 0.8569532291566041,
      "delta": 0.028516599269652
    }
  },
  "n_samples": 2445
}