{
  "global_knn": {
    "roc_auc": 0.8475140130283291,
    "pr_auc": 0.7713450849987162,
    "k": 7
  },
  "rf_detr": {
    "roc_auc": 0.8875367368580518,
    "pr_auc": 0.8284054444092008
  },
  "combined": {
    "roc_auc": 0.9046318739584912,
    "pr_auc": 0.857538042958877
  },
  "per_client": {
    "Client_1": {
      "n": 350,
      "tp": 96,
      "fp": 254,
      "local_roc": 0.8131151574803149,
      "global_roc": 0.8367372047244095,
      "local_pr": 0.7076427766763809,
      "global_pr": 0.7399143616095095,
      "conf_roc": 0.9160925196850394,
      "conf_pr": 0.8506346092562783
    },
    "Client_2": {
      "n": 350,
      "tp": 155,
      "fp": 195,
      "local_roc": 0.8587923904052936,
      "global_roc": 0.8361124896608767,
      "local_pr": 0.8463816618057977,
      "global_pr": 0.8228620188719136,
      "conf_roc": 0.879239040529363,
      "conf_pr": 0.8544730179331417
    },
    "Client_3": {
      "n": 349,
      "tp": 129,
      "fp": 220,
      "local_roc": 0.7376321353065539,
      "global_roc": 0.7507047216349542,
      "local_pr": 0.6588737185328477,
      "global_pr": 0.6346534526774824,
      "conf_roc": 0.8486257928118394,
      "conf_pr": 0.8079909910351587
    },
    "Client_4": {
      "n": 349,
      "tp": 184,
      "fp": 165,
      "local_roc": 0.9068840579710146,
      "global_roc": 0.9016139657444006,
      "local_pr": 0.9210805849617258,
      "global_pr": 0.921982132388944,
      "conf_roc": 0.9079710144927536,
      "conf_pr": 0.9233456319628282
    },
    "Client_5": {
      "n": 349,
      "tp": 91,
      "fp": 258,
      "local_roc": 0.8067978533094813,
      "global_roc": 0.8176164920350967,
      "local_pr": 0.6789130094308299,
      "global_pr": 0.6833862691083297,
      "conf_roc": 0.9159212880143113,
      "conf_pr": 0.8456502645782923
    },
    "Client_6": {
      "n": 349,
      "tp": 64,
      "fp": 285,
      "local_roc": 0.7554824561403509,
      "global_roc": 0.7708059210526316,
      "local_pr": 0.4583158662054664,
      "global_pr": 0.5458828781672556,
      "conf_roc": 0.8266995614035089,
      "conf_pr": 0.6480251042895788
    },
    "Client_7": {
      "n": 349,
      "tp": 86,
      "fp": 263,
      "local_roc": 0.9378371208771776,
      "global_roc": 0.9450437704483154,
      "local_pr": 0.8625577124209078,
      "global_pr": 0.8726875073918883,
      "conf_roc": 0.9322663365461137,
      "conf_pr": 0.8583070154283925
    }
  },
  "summary": {
    "local_mean_roc": 0.8309344530700268,
    "global_mean_roc": 0.836947795042955,
    "conf_mean_roc": 0.8895450790689899,
    "global_vs_local_delta": 0.006013341972928243,
    "global_vs_conf_delta": -0.04002272382972272
  }
}