{
  "global_knn": {
    "roc_auc": 0.8406673231328586,
    "pr_auc": 0.768882791430556,
    "k": 7
  },
  "rf_detr": {
    "roc_auc": 0.8875367368580518,
    "pr_auc": 0.8284054444092008
  },
  "combined": {
    "roc_auc": 0.90648689592486,
    "pr_auc": 0.8585240978793536
  },
  "per_client": {
    "Client_1": {
      "n": 350,
      "tp": 96,
      "fp": 254,
      "local_roc": 0.7687212926509186,
      "global_roc": 0.8057127624671916,
      "local_pr": 0.6170801538072055,
      "global_pr": 0.6626124840164518,
      "conf_roc": 0.9160925196850394,
      "conf_pr": 0.8506346092562783
    },
    "Client_2": {
      "n": 350,
      "tp": 155,
      "fp": 195,
      "local_roc": 0.8034408602150538,
      "global_roc": 0.8122249793217536,
      "local_pr": 0.7712943518551907,
      "global_pr": 0.7834490352790726,
      "conf_roc": 0.879239040529363,
      "conf_pr": 0.8544730179331417
    },
    "Client_3": {
      "n": 349,
      "tp": 129,
      "fp": 220,
      "local_roc": 0.7936751233262862,
      "global_roc": 0.7840909090909091,
      "local_pr": 0.7249315463345127,
      "global_pr": 0.7157954182715858,
      "conf_roc": 0.8486257928118394,
      "conf_pr": 0.8079909910351587
    },
    "Client_4": {
      "n": 349,
      "tp": 184,
      "fp": 165,
      "local_roc": 0.8833168642951252,
      "global_roc": 0.8927371541501976,
      "local_pr": 0.9125442584016572,
      "global_pr": 0.9117203442022271,
      "conf_roc": 0.9079710144927536,
      "conf_pr": 0.9233456319628282
    },
    "Client_5": {
      "n": 349,
      "tp": 91,
      "fp": 258,
      "local_roc": 0.7579010137149672,
      "global_roc": 0.8116108697504048,
      "local_pr": 0.6741017138782007,
      "global_pr": 0.7203165639423974,
      "conf_roc": 0.9159212880143113,
      "conf_pr": 0.8456502645782923
    },
    "Client_6": {
      "n": 349,
      "tp": 64,
      "fp": 285,
      "local_roc": 0.775438596491228,
      "global_roc": 0.7876370614035088,
      "local_pr": 0.5285197716577374,
      "global_pr": 0.5811453247390224,
      "conf_roc": 0.8266995614035089,
      "conf_pr": 0.6480251042895788
    },
    "Client_7": {
      "n": 349,
      "tp": 86,
      "fp": 263,
      "local_roc": 0.9062472367141214,
      "global_roc": 0.8978247413564417,
      "local_pr": 0.832428915695533,
      "global_pr": 0.8223983218054269,
      "conf_roc": 0.9322663365461137,
      "conf_pr": 0.8583070154283925
    }
  },
  "summary": {
    "local_mean_roc": 0.8126772839153859,
    "global_mean_roc": 0.8274054967914869,
    "conf_mean_roc": 0.8895450790689899,
    "global_vs_local_delta": 0.014728212876101043,
    "global_vs_conf_delta": -0.046869413725193154
  }
}