{
  "multiorg": {
    "n_crops": 100,
    "n_tp": 50,
    "n_fp": 50,
    "best_prompt": "medical",
    "best_slot_auc": 0.7268,
    "conf_auc": 0.8712000000000001,
    "all_prompts": {
      "basic": {
        "slot_auc": 0.7100000000000001,
        "slot_ap": 0.7586813700621925,
        "conf_auc": 0.8712000000000001,
        "conf_ap": 0.9011053120768919,
        "delta_auc": -0.1612
      },
      "descriptive": {
        "slot_auc": 0.7239999999999999,
        "slot_ap": 0.7842667001150142,
        "conf_auc": 0.8712000000000001,
        "conf_ap": 0.9011053120768919,
        "delta_auc": -0.14720000000000022
      },
      "medical": {
        "slot_auc": 0.7268,
        "slot_ap": 0.7757738628996276,
        "conf_auc": 0.8712000000000001,
        "conf_ap": 0.9011053120768919,
        "delta_auc": -0.14440000000000008
      },
      "morphological": {
        "slot_auc": 0.6808,
        "slot_ap": 0.6955797987439867,
        "conf_auc": 0.8712000000000001,
        "conf_ap": 0.9011053120768919,
        "delta_auc": -0.19040000000000012
      },
      "contextual": {
        "slot_auc": 0.7252,
        "slot_ap": 0.7593585426708782,
        "conf_auc": 0.8712000000000001,
        "conf_ap": 0.9011053120768919,
        "delta_auc": -0.14600000000000013
      }
    }
  },
  "mouse_b1": {
    "n_crops": 26,
    "n_tp": 23,
    "n_fp": 3,
    "best_prompt": "morphological",
    "best_slot_auc": 0.855072463768116,
    "conf_auc": 0.9130434782608695,
    "all_prompts": {
      "basic": {
        "slot_auc": 0.5652173913043479,
        "slot_ap": 0.8666552289217139,
        "conf_auc": 0.9130434782608695,
        "conf_ap": 0.988410788958993,
        "delta_auc": -0.3478260869565216
      },
      "descriptive": {
        "slot_auc": 0.5217391304347826,
        "slot_ap": 0.8588251871473324,
        "conf_auc": 0.9130434782608695,
        "conf_ap": 0.988410788958993,
        "delta_auc": -0.3913043478260869
      },
      "medical": {
        "slot_auc": 0.6666666666666667,
        "slot_ap": 0.8793061661846301,
        "conf_auc": 0.9130434782608695,
        "conf_ap": 0.988410788958993,
        "delta_auc": -0.24637681159420277
      },
      "morphological": {
        "slot_auc": 0.855072463768116,
        "slot_ap": 0.9810244764687108,
        "conf_auc": 0.9130434782608695,
        "conf_ap": 0.988410788958993,
        "delta_auc": -0.05797101449275355
      },
      "contextual": {
        "slot_auc": 0.5797101449275363,
        "slot_ap": 0.8687147254892197,
        "conf_auc": 0.9130434782608695,
        "conf_ap": 0.988410788958993,
        "delta_auc": -0.33333333333333326
      }
    }
  },
  "mouse_b2": {
    "n_crops": 48,
    "n_tp": 39,
    "n_fp": 9,
    "best_prompt": "morphological",
    "best_slot_auc": 0.6609686609686609,
    "conf_auc": 0.9772079772079773,
    "all_prompts": {
      "basic": {
        "slot_auc": 0.3874643874643875,
        "slot_ap": 0.7565316354814289,
        "conf_auc": 0.9772079772079773,
        "conf_ap": 0.9946984200020638,
        "delta_auc": -0.5897435897435898
      },
      "descriptive": {
        "slot_auc": 0.49287749287749294,
        "slot_ap": 0.7913585971078221,
        "conf_auc": 0.9772079772079773,
        "conf_ap": 0.9946984200020638,
        "delta_auc": -0.4843304843304843
      },
      "medical": {
        "slot_auc": 0.396011396011396,
        "slot_ap": 0.7831324024387705,
        "conf_auc": 0.9772079772079773,
        "conf_ap": 0.9946984200020638,
        "delta_auc": -0.5811965811965812
      },
      "morphological": {
        "slot_auc": 0.6609686609686609,
        "slot_ap": 0.9030437061049049,
        "conf_auc": 0.9772079772079773,
        "conf_ap": 0.9946984200020638,
        "delta_auc": -0.31623931623931634
      },
      "contextual": {
        "slot_auc": 0.4301994301994302,
        "slot_ap": 0.7736538766245045,
        "conf_auc": 0.9772079772079773,
        "conf_ap": 0.9946984200020638,
        "delta_auc": -0.5470085470085471
      }
    }
  },
  "mouse_b3": {
    "n_crops": 60,
    "n_tp": 40,
    "n_fp": 20,
    "best_prompt": "descriptive",
    "best_slot_auc": 0.69,
    "conf_auc": 0.91625,
    "all_prompts": {
      "basic": {
        "slot_auc": 0.5975,
        "slot_ap": 0.7396124354296125,
        "conf_auc": 0.91625,
        "conf_ap": 0.9632075709595641,
        "delta_auc": -0.31875
      },
      "descriptive": {
        "slot_auc": 0.69,
        "slot_ap": 0.8326712043560236,
        "conf_auc": 0.91625,
        "conf_ap": 0.9632075709595641,
        "delta_auc": -0.22625000000000006
      },
      "medical": {
        "slot_auc": 0.5825,
        "slot_ap": 0.7425070720447577,
        "conf_auc": 0.91625,
        "conf_ap": 0.9632075709595641,
        "delta_auc": -0.33375
      },
      "morphological": {
        "slot_auc": 0.6725000000000001,
        "slot_ap": 0.8067085033329441,
        "conf_auc": 0.91625,
        "conf_ap": 0.9632075709595641,
        "delta_auc": -0.2437499999999999
      },
      "contextual": {
        "slot_auc": 0.48875,
        "slot_ap": 0.6751187626791659,
        "conf_auc": 0.91625,
        "conf_ap": 0.9632075709595641,
        "delta_auc": -0.4275
      }
    }
  }
}