{
  "global_knn": {
    "roc_auc": 0.8406673231328586,
    "pr_auc": 0.768882791430556,
    "k": 7
  },
  "rf_detr": {
    "roc_auc": 0.8875367368580518,
    "pr_auc": 0.8284054444092008
  },
  "combined": {
    "roc_auc": 0.90648689592486,
    "pr_auc": 0.8585240978793536
  },
  "per_client": {
    "Macros_Plate_23": {
      "n": 328,
      "tp": 74,
      "fp": 254,
      "local_roc": 0.6969834007235582,
      "global_roc": 0.7536177910193658,
      "local_pr": 0.3776405173747729,
      "global_pr": 0.4749105327630104,
      "conf_roc": 0.8911470525643755,
      "conf_pr": 0.7470395227691063
    },
    "Macros_Plate_4": {
      "n": 772,
      "tp": 310,
      "fp": 462,
      "local_roc": 0.8207303449238932,
      "global_roc": 0.8097716799329703,
      "local_pr": 0.7726323562749879,
      "global_pr": 0.7656415856769633,
      "conf_roc": 0.873802541544477,
      "conf_pr": 0.8485821481150871
    },
    "Normal_Plate_15": {
      "n": 597,
      "tp": 231,
      "fp": 366,
      "local_roc": 0.8897818938802544,
      "global_roc": 0.8866179357982636,
      "local_pr": 0.8715898747810964,
      "global_pr": 0.8685846143537973,
      "conf_roc": 0.9189908452203536,
      "conf_pr": 0.8981590051712396
    },
    "Normal_Plate_31": {
      "n": 207,
      "tp": 57,
      "fp": 150,
      "local_roc": 0.7919883040935671,
      "global_roc": 0.8303508771929824,
      "local_pr": 0.6587124323093243,
      "global_pr": 0.7615121532577062,
      "conf_roc": 0.8995321637426901,
      "conf_pr": 0.8248143485231002
    },
    "Normal_Plate_37": {
      "n": 283,
      "tp": 47,
      "fp": 236,
      "local_roc": 0.8357825459790841,
      "global_roc": 0.8298323115759105,
      "local_pr": 0.5786758527289524,
      "global_pr": 0.6395861723778946,
      "conf_roc": 0.9152542372881356,
      "conf_pr": 0.7631245068991277
    },
    "Normal_Plate_4": {
      "n": 258,
      "tp": 86,
      "fp": 172,
      "local_roc": 0.8957544618712817,
      "global_roc": 0.8854110329908058,
      "local_pr": 0.8557649884565405,
      "global_pr": 0.8425133085871666,
      "conf_roc": 0.9031233098972417,
      "conf_pr": 0.860320219365007
    }
  },
  "summary": {
    "local_mean_roc": 0.8218368252452731,
    "global_mean_roc": 0.8326002714183831,
    "conf_mean_roc": 0.9003083583762123,
    "global_vs_local_delta": 0.01076344617310998,
    "global_vs_conf_delta": -0.046869413725193154
  }
}