{
  "rfdetr_checkpoint": "runs/mouse_liver_v2/b1/full/checkpoint_best_ema.pth",
  "n_train": 28925,
  "n_val": 11578,
  "n_tp_train": 3973,
  "n_tp_val": 2501,
  "auc_zero_shot": 0.767934932449847,
  "auc_classifier": 0.8202166087404411,
  "auc_distilled": 0.8588900013421974,
  "improvement": 0.09095506889235039
}