{
  "multiorg": {
    "n_crops": 10,
    "n_tp": 5,
    "n_fp": 5,
    "slot_auc": 0.5,
    "conf_auc": 0.9600000000000001,
    "slot_ap": 0.5,
    "conf_ap": 0.9666666666666666,
    "delta_auc": -0.4600000000000001
  }
}