{
  "global_knn": {
    "roc_auc": 0.8520996818663839,
    "pr_auc": 0.7787223608826672,
    "k": 7
  },
  "rf_detr": {
    "roc_auc": 0.8875367368580518,
    "pr_auc": 0.8284054444092008
  },
  "combined": {
    "roc_auc": 0.9062770792304196,
    "pr_auc": 0.860096076675886
  },
  "per_client": {
    "Client_1": {
      "n": 350,
      "tp": 96,
      "fp": 254,
      "local_roc": 0.8131151574803149,
      "global_roc": 0.8456774934383201,
      "local_pr": 0.7076427766763809,
      "global_pr": 0.7369854033917023,
      "conf_roc": 0.9160925196850394,
      "conf_pr": 0.8506346092562783
    },
    "Client_2": {
      "n": 350,
      "tp": 155,
      "fp": 195,
      "local_roc": 0.8587923904052936,
      "global_roc": 0.8311827956989247,
      "local_pr": 0.8463816618057977,
      "global_pr": 0.8239235060542323,
      "conf_roc": 0.879239040529363,
      "conf_pr": 0.8544730179331417
    },
    "Client_3": {
      "n": 349,
      "tp": 129,
      "fp": 220,
      "local_roc": 0.7376321353065539,
      "global_roc": 0.7663495419309372,
      "local_pr": 0.6588737185328477,
      "global_pr": 0.6586488285412095,
      "conf_roc": 0.8486257928118394,
      "conf_pr": 0.8079909910351587
    },
    "Client_4": {
      "n": 349,
      "tp": 184,
      "fp": 165,
      "local_roc": 0.9068840579710146,
      "global_roc": 0.9075263504611331,
      "local_pr": 0.9210805849617258,
      "global_pr": 0.930445995302634,
      "conf_roc": 0.9079710144927536,
      "conf_pr": 0.9233456319628282
    },
    "Client_5": {
      "n": 349,
      "tp": 91,
      "fp": 258,
      "local_roc": 0.8067978533094813,
      "global_roc": 0.8218757986199847,
      "local_pr": 0.6789130094308299,
      "global_pr": 0.6825502063393094,
      "conf_roc": 0.9159212880143113,
      "conf_pr": 0.8456502645782923
    },
    "Client_6": {
      "n": 349,
      "tp": 64,
      "fp": 285,
      "local_roc": 0.7554824561403509,
      "global_roc": 0.7741228070175439,
      "local_pr": 0.4583158662054664,
      "global_pr": 0.5430227780358574,
      "conf_roc": 0.8266995614035089,
      "conf_pr": 0.6480251042895788
    },
    "Client_7": {
      "n": 349,
      "tp": 86,
      "fp": 263,
      "local_roc": 0.9378371208771776,
      "global_roc": 0.9373949951366168,
      "local_pr": 0.8625577124209078,
      "global_pr": 0.8714283103280317,
      "conf_roc": 0.9322663365461137,
      "conf_pr": 0.8583070154283925
    }
  },
  "summary": {
    "local_mean_roc": 0.8309344530700268,
    "global_mean_roc": 0.8405899689004943,
    "conf_mean_roc": 0.8895450790689899,
    "global_vs_local_delta": 0.009655515830467531,
    "global_vs_conf_delta": -0.03543705499166794
  }
}